custom_name,custom_email,custom_authorId,custom_password,custom_account
張紹涵,mdaer3231@gmail.com,1,acdaAe123,acdefac
王安石,mfadf123@gmail.com,1,CdaAe124,adfa
周潤發,de123@gmail.com,1,acdaAe125,vdfad
裝闊,mecor122@gmail.com,1,acdaAe126,ewewef
梁文因,mcdsea32@gmail.com,1,acdaAe127,amdey
周小小,mdwfaae3421@gmail.com,1,acdaAe128,deaefm
王永慶,dfla123@gmail.com,1,acdaAe129,calde
張伯勳,dacambaae87e9@gmail.com,1,acdaAe130,lafcm
林俊傑,dacambaae87de10@gmail.com,1,acdaAe131,aewek
黃以林,acdacambaae87e11@gmail.com,1,acdaAe132,lqedaf
將萬安,dcaaae87e12@gmail.com,1,acdaAe133,dowe
柯文哲,dacamfdace13@gmail.com,1,acdaAe134,dmae
林光頭,dadcwer234@gmail.com,1,acdaAe135,amcae
周杰倫,favafeweer42@gmail.com,1,acdaAe136,epafd
周曉倫,dacaacdw326@gmail.com,1,acdaAe137,amadle
周曉曉,dacafad24r@gmail.com,1,acdaAe138,aopeqe
琦君,dacadvaw3e18@gmail.com,1,acdaAe139,afjma
蔡依林,dacaafavhry23239@gmail.com,1,acdaAe140,aofijael
蔡英文,dadad2320@gmail.com,1,acdaAe141,almflae
李連杰,nfrwae87e21@gmail.com,1,acdaAe142,smfpe
李延義,dacads232ad@gmail.com,1,acdaAe143,afmla
劉冠良,daafe3@gmail.com,1,acdaAe144,dlamfdl
林俊毅,dacamdfng324@gmail.com,1,acdaAe145,dfamlfe
王金娟,dadgrw123@gmail.com,1,acdaAe146,almflae
林鳳珠,htdfb123@gmail.com,1,acdaAe147,ldkf
黃美秋,iutaae87e27@gmail.com,1,acdaAe148,faem
楊俊彥,dackgtyt45@gmail.com,1,acdaAe149,mdaea
陳靜揚,d54dggsf9@gmail.com,1,acdaAe150,mewf
富昱薇,bdsfew1267@gmail.com,1,acdaAe151,dapw
張倩彥,fdabjyte1233@gmail.com,1,acdaAe152,afmla
權凱聿,dacadafm654@gmail.com,1,acdaAe153,amcad
邱宜靜,dad5fse33@gmail.com,1,acdaAe154,acme
陳志玟,fsdv34@gmail.com,1,acdaAe155,aewmfa
藍水年,afdwe17e35@gmail.com,1,acdaAe156,afekw
